{"0": {"loss": 0.47015872597694397, "mse": 0.47015872597694397, "mae": 0.566625714302063, "val_loss": 0.17772367596626282, "val_mse": 0.17772367596626282, "val_mae": 0.4214322566986084, "batchNo": 3, "batchFile": "128x128_train_aug_04.npz"}, "1": {"loss": 0.30508777499198914, "mse": 0.30508777499198914, "mae": 0.45306190848350525, "val_loss": 0.5002794861793518, "val_mse": 0.5002794861793518, "val_mae": 0.7072959542274475, "batchNo": 2, "batchFile": "128x128_train_aug_03.npz"}, "2": {"loss": 0.5005671381950378, "mse": 0.5005671381950378, "mae": 0.627813994884491, "val_loss": 0.3963949680328369, "val_mse": 0.3963949680328369, "val_mae": 0.6294907927513123, "batchNo": 1, "batchFile": "128x128_train_aug_02.npz"}, "3": {"loss": 0.3093586266040802, "mse": 0.3093586266040802, "mae": 0.45271623134613037, "val_loss": 0.08966332674026489, "val_mse": 0.08966332674026489, "val_mae": 0.29943835735321045, "batchNo": 4, "batchFile": "128x128_train_aug_05.npz"}, "4": {"loss": 0.20527012646198273, "mse": 0.20527012646198273, "mae": 0.3908143937587738, "val_loss": 0.09207894653081894, "val_mse": 0.09207894653081894, "val_mae": 0.30344513058662415, "batchNo": 0, "batchFile": "128x128_train_aug_01.npz"}}