{"0": {"loss": 1.2460041046142578, "mse": 1.2460041046142578, "mae": 0.9996779561042786, "val_loss": 0.5048873424530029, "val_mse": 0.5048873424530029, "val_mae": 0.7105540037155151, "batchNo": 3, "batchFile": "128x128_train_aug_04.npz"}, "1": {"loss": 1.0212279558181763, "mse": 1.0212279558181763, "mae": 0.8979876637458801, "val_loss": 0.4961969256401062, "val_mse": 0.4961969256401062, "val_mae": 0.7043832540512085, "batchNo": 2, "batchFile": "128x128_train_aug_03.npz"}, "2": {"loss": 1.4204845428466797, "mse": 1.4204845428466797, "mae": 1.1062417030334473, "val_loss": 0.47844868898391724, "val_mse": 0.47844868898391724, "val_mae": 0.6914569139480591, "batchNo": 1, "batchFile": "128x128_train_aug_02.npz"}, "3": {"loss": 1.4601057767868042, "mse": 1.4601057767868042, "mae": 1.1102794408798218, "val_loss": 0.48398107290267944, "val_mse": 0.48398107290267944, "val_mae": 0.6955249309539795, "batchNo": 4, "batchFile": "128x128_train_aug_05.npz"}, "4": {"loss": 1.2166450023651123, "mse": 1.2166450023651123, "mae": 0.9804759621620178, "val_loss": 0.4921773076057434, "val_mse": 0.4921773076057434, "val_mae": 0.7014921307563782, "batchNo": 0, "batchFile": "128x128_train_aug_01.npz"}}