{"0": {"loss": 0.43441107869148254, "mse": 0.43441107869148254, "mae": 0.5857270359992981, "val_loss": 0.2649178206920624, "val_mse": 0.2649178206920624, "val_mae": 0.5135794281959534, "batchNo": 3, "batchFile": "128x128_train_aug_04.npz"}, "1": {"loss": 0.3684608042240143, "mse": 0.3684608042240143, "mae": 0.5397791266441345, "val_loss": 0.0847870260477066, "val_mse": 0.0847870260477066, "val_mae": 0.29117557406425476, "batchNo": 2, "batchFile": "128x128_train_aug_03.npz"}, "2": {"loss": 0.1858188956975937, "mse": 0.1858188956975937, "mae": 0.3112587034702301, "val_loss": 1.4039556980133057, "val_mse": 1.4039556980133057, "val_mae": 1.1838511228561401, "batchNo": 1, "batchFile": "128x128_train_aug_02.npz"}, "3": {"loss": 0.23060627281665802, "mse": 0.23060627281665802, "mae": 0.42252764105796814, "val_loss": 0.35276177525520325, "val_mse": 0.35276177525520325, "val_mae": 0.5922189354896545, "batchNo": 4, "batchFile": "128x128_train_aug_05.npz"}, "4": {"loss": 0.2848690450191498, "mse": 0.2848690450191498, "mae": 0.48545268177986145, "val_loss": 0.04821152985095978, "val_mse": 0.04821152985095978, "val_mae": 0.21942025423049927, "batchNo": 0, "batchFile": "128x128_train_aug_01.npz"}}