{"0": {"loss": 1.069009780883789, "mse": 1.069009780883789, "mae": 0.9242782592773438, "val_loss": 0.2938738763332367, "val_mse": 0.2938738763332367, "val_mae": 0.5356205701828003, "batchNo": 3, "batchFile": "128x128_train_aug_04.npz"}, "1": {"loss": 0.1674717664718628, "mse": 0.1674717664718628, "mae": 0.34654557704925537, "val_loss": 0.850408673286438, "val_mse": 0.850408673286438, "val_mae": 0.9127712249755859, "batchNo": 2, "batchFile": "128x128_train_aug_03.npz"}, "2": {"loss": 0.24075578153133392, "mse": 0.24075578153133392, "mae": 0.46305742859840393, "val_loss": 0.7841610908508301, "val_mse": 0.7841610908508301, "val_mae": 0.8750777244567871, "batchNo": 1, "batchFile": "128x128_train_aug_02.npz"}, "3": {"loss": 0.22813701629638672, "mse": 0.22813701629638672, "mae": 0.4059806764125824, "val_loss": 0.6542495489120483, "val_mse": 0.6542495489120483, "val_mae": 0.7983167767524719, "batchNo": 4, "batchFile": "128x128_train_aug_05.npz"}, "4": {"loss": 0.27845630049705505, "mse": 0.27845630049705505, "mae": 0.4416085481643677, "val_loss": 0.7765805721282959, "val_mse": 0.7765805721282959, "val_mae": 0.8709608316421509, "batchNo": 0, "batchFile": "128x128_train_aug_01.npz"}}