{"0": {"loss": 0.7322174906730652, "mse": 0.7322174906730652, "mae": 0.7881674766540527, "val_loss": 0.09173710644245148, "val_mse": 0.09173710644245148, "val_mae": 0.3028354048728943, "batchNo": 3, "batchFile": "128x128_train_aug_04.npz"}, "1": {"loss": 0.2792532444000244, "mse": 0.2792532444000244, "mae": 0.48488545417785645, "val_loss": 0.8288809657096863, "val_mse": 0.8288809657096863, "val_mae": 0.9101712703704834, "batchNo": 2, "batchFile": "128x128_train_aug_03.npz"}, "2": {"loss": 0.20756776630878448, "mse": 0.20756776630878448, "mae": 0.4256000518798828, "val_loss": 1.3031527996063232, "val_mse": 1.3031527996063232, "val_mae": 1.1414341926574707, "batchNo": 1, "batchFile": "128x128_train_aug_02.npz"}, "3": {"loss": 0.35665977001190186, "mse": 0.35665977001190186, "mae": 0.53678959608078, "val_loss": 0.08514996618032455, "val_mse": 0.08514996618032455, "val_mae": 0.2918046712875366, "batchNo": 4, "batchFile": "128x128_train_aug_05.npz"}, "4": {"loss": 0.2696174383163452, "mse": 0.2696174383163452, "mae": 0.504619300365448, "val_loss": 0.08563026785850525, "val_mse": 0.08563026785850525, "val_mae": 0.2926265001296997, "batchNo": 0, "batchFile": "128x128_train_aug_01.npz"}}