{"0": {"loss": 0.8275673389434814, "mse": 0.8275673389434814, "mae": 0.7211646437644958, "val_loss": 1.5857481956481934, "val_mse": 1.5857481956481934, "val_mae": 1.2590534687042236, "batchNo": 3, "batchFile": "128x128_train_aug_04.npz"}, "1": {"loss": 0.835972785949707, "mse": 0.835972785949707, "mae": 0.7665205001831055, "val_loss": 1.5821902751922607, "val_mse": 1.5821902751922607, "val_mae": 1.2575883865356445, "batchNo": 2, "batchFile": "128x128_train_aug_03.npz"}, "2": {"loss": 0.4103315770626068, "mse": 0.4103315770626068, "mae": 0.5606296062469482, "val_loss": 1.5443408489227295, "val_mse": 1.5443408489227295, "val_mae": 1.242140531539917, "batchNo": 1, "batchFile": "128x128_train_aug_02.npz"}, "3": {"loss": 0.38182827830314636, "mse": 0.38182827830314636, "mae": 0.5384770035743713, "val_loss": 1.554161548614502, "val_mse": 1.554161548614502, "val_mae": 1.2460658550262451, "batchNo": 4, "batchFile": "128x128_train_aug_05.npz"}, "4": {"loss": 0.9290335774421692, "mse": 0.9290335774421692, "mae": 0.8084230422973633, "val_loss": 1.4520883560180664, "val_mse": 1.4520883560180664, "val_mae": 1.2028099298477173, "batchNo": 0, "batchFile": "128x128_train_aug_01.npz"}}