{"0": {"loss": 1.0218020677566528, "mse": 1.0218020677566528, "mae": 0.8830015063285828, "val_loss": 0.03980553150177002, "val_mse": 0.03980553150177002, "val_mae": 0.19851350784301758, "batchNo": 3, "batchFile": "128x128_train_aug_04.npz"}, "1": {"loss": 0.937723696231842, "mse": 0.937723696231842, "mae": 0.7705878615379333, "val_loss": 0.04332571476697922, "val_mse": 0.04332571476697922, "val_mae": 0.20686602592468262, "batchNo": 2, "batchFile": "128x128_train_aug_03.npz"}, "2": {"loss": 1.0376825332641602, "mse": 1.0376825332641602, "mae": 0.8664705157279968, "val_loss": 0.06646721065044403, "val_mse": 0.06646721065044403, "val_mae": 0.2575633227825165, "batchNo": 1, "batchFile": "128x128_train_aug_02.npz"}, "3": {"loss": 0.6692304611206055, "mse": 0.6692304611206055, "mae": 0.7274751663208008, "val_loss": 0.09618653357028961, "val_mse": 0.09618653357028961, "val_mae": 0.3099416494369507, "batchNo": 4, "batchFile": "128x128_train_aug_05.npz"}, "4": {"loss": 0.3794049322605133, "mse": 0.3794049322605133, "mae": 0.524216890335083, "val_loss": 0.08275837451219559, "val_mse": 0.08275837451219559, "val_mae": 0.28765082359313965, "batchNo": 0, "batchFile": "128x128_train_aug_01.npz"}}