{"0": {"loss": 1.3081638813018799, "mse": 1.3081638813018799, "mae": 1.0994139909744263, "val_loss": 0.07746744155883789, "val_mse": 0.07746744155883789, "val_mae": 0.27756476402282715, "batchNo": 3, "batchFile": "128x128_train_aug_04.npz"}, "1": {"loss": 0.3525092601776123, "mse": 0.3525092303752899, "mae": 0.557762086391449, "val_loss": 0.8689299821853638, "val_mse": 0.8689299821853638, "val_mae": 0.930819034576416, "batchNo": 2, "batchFile": "128x128_train_aug_03.npz"}, "2": {"loss": 0.4114202558994293, "mse": 0.4114202558994293, "mae": 0.610386073589325, "val_loss": 1.3640341758728027, "val_mse": 1.3640341758728027, "val_mae": 1.166187047958374, "batchNo": 1, "batchFile": "128x128_train_aug_02.npz"}, "3": {"loss": 0.36438849568367004, "mse": 0.36438849568367004, "mae": 0.5717284679412842, "val_loss": 1.4993853569030762, "val_mse": 1.4993853569030762, "val_mae": 1.223728895187378, "batchNo": 4, "batchFile": "128x128_train_aug_05.npz"}, "4": {"loss": 0.44394293427467346, "mse": 0.44394293427467346, "mae": 0.5981900691986084, "val_loss": 1.5795838832855225, "val_mse": 1.5795838832855225, "val_mae": 1.2565613985061646, "batchNo": 0, "batchFile": "128x128_train_aug_01.npz"}}