{"0": {"loss": 1.1598836183547974, "mse": 1.1598836183547974, "mae": 0.9615122675895691, "val_loss": 0.0062018223106861115, "val_mse": 0.0062018223106861115, "val_mae": 0.062138043344020844, "batchNo": 3, "batchFile": "128x128_train_aug_04.npz"}, "1": {"loss": 1.1116803884506226, "mse": 1.1116803884506226, "mae": 0.9466461539268494, "val_loss": 0.01616227813065052, "val_mse": 0.01616227813065052, "val_mae": 0.12450002133846283, "batchNo": 2, "batchFile": "128x128_train_aug_03.npz"}, "2": {"loss": 0.9945423603057861, "mse": 0.9945423603057861, "mae": 0.870800793170929, "val_loss": 0.05717913806438446, "val_mse": 0.05717913806438446, "val_mae": 0.23854535818099976, "batchNo": 1, "batchFile": "128x128_train_aug_02.npz"}, "3": {"loss": 0.661252498626709, "mse": 0.661252498626709, "mae": 0.630709707736969, "val_loss": 0.059988390654325485, "val_mse": 0.059988390654325485, "val_mae": 0.24273793399333954, "batchNo": 4, "batchFile": "128x128_train_aug_05.npz"}, "4": {"loss": 0.6789700388908386, "mse": 0.6789700388908386, "mae": 0.7488021850585938, "val_loss": 0.08273905515670776, "val_mse": 0.08273905515670776, "val_mae": 0.28731226921081543, "batchNo": 0, "batchFile": "128x128_train_aug_01.npz"}}