{"0": {"loss": 1.0085376501083374, "mse": 1.0085376501083374, "mae": 0.8142216801643372, "val_loss": 0.4929596185684204, "val_mse": 0.4929596185684204, "val_mae": 0.6923284530639648, "batchNo": 3, "batchFile": "128x128_train_aug_04.npz"}, "1": {"loss": 0.9158331751823425, "mse": 0.9158331751823425, "mae": 0.813165009021759, "val_loss": 0.9337977766990662, "val_mse": 0.9337977766990662, "val_mae": 0.9550992846488953, "batchNo": 2, "batchFile": "128x128_train_aug_03.npz"}, "2": {"loss": 0.8623838424682617, "mse": 0.8623838424682617, "mae": 0.7632324695587158, "val_loss": 1.1973260641098022, "val_mse": 1.1973260641098022, "val_mae": 1.0895740985870361, "batchNo": 1, "batchFile": "128x128_train_aug_02.npz"}, "3": {"loss": 0.8718435168266296, "mse": 0.8718435168266296, "mae": 0.776900589466095, "val_loss": 1.4241337776184082, "val_mse": 1.4241337776184082, "val_mae": 1.1906747817993164, "batchNo": 4, "batchFile": "128x128_train_aug_05.npz"}, "4": {"loss": 0.937393844127655, "mse": 0.937393844127655, "mae": 0.8199427127838135, "val_loss": 1.4726452827453613, "val_mse": 1.4726452827453613, "val_mae": 1.2114769220352173, "batchNo": 0, "batchFile": "128x128_train_aug_01.npz"}}