{"0": {"loss": 0.7704917788505554, "mse": 0.7704917788505554, "mae": 0.7370437979698181, "val_loss": 0.13087064027786255, "val_mse": 0.13087064027786255, "val_mae": 0.35433560609817505, "batchNo": 3, "batchFile": "128x128_train_aug_04.npz"}, "1": {"loss": 1.0932589769363403, "mse": 1.0932589769363403, "mae": 0.8867824077606201, "val_loss": 0.4731007218360901, "val_mse": 0.4731007218360901, "val_mae": 0.6876080632209778, "batchNo": 2, "batchFile": "128x128_train_aug_03.npz"}, "2": {"loss": 0.8997778296470642, "mse": 0.8997778296470642, "mae": 0.7968376278877258, "val_loss": 0.08566904813051224, "val_mse": 0.08566904813051224, "val_mae": 0.29269275069236755, "batchNo": 1, "batchFile": "128x128_train_aug_02.npz"}, "3": {"loss": 0.5290802121162415, "mse": 0.5290802121162415, "mae": 0.6492348909378052, "val_loss": 1.5443871021270752, "val_mse": 1.5443871021270752, "val_mae": 1.2426304817199707, "batchNo": 4, "batchFile": "128x128_train_aug_05.npz"}, "4": {"loss": 0.8682579398155212, "mse": 0.8682579398155212, "mae": 0.813908040523529, "val_loss": 0.08747128397226334, "val_mse": 0.08747128397226334, "val_mae": 0.29575544595718384, "batchNo": 0, "batchFile": "128x128_train_aug_01.npz"}}