{"0": {"loss": 0.5602302551269531, "mse": 0.5602302551269531, "mae": 0.6264090538024902, "val_loss": 0.3615553379058838, "val_mse": 0.3615553379058838, "val_mae": 0.599931538105011, "batchNo": 3, "batchFile": "128x128_train_aug_04.npz"}, "1": {"loss": 0.6429494619369507, "mse": 0.6429494619369507, "mae": 0.6855604648590088, "val_loss": 0.08287632465362549, "val_mse": 0.08287632465362549, "val_mae": 0.2878800630569458, "batchNo": 2, "batchFile": "128x128_train_aug_03.npz"}, "2": {"loss": 0.5912554860115051, "mse": 0.5912554860115051, "mae": 0.6771339774131775, "val_loss": 0.08430583029985428, "val_mse": 0.08430583029985428, "val_mae": 0.29035383462905884, "batchNo": 1, "batchFile": "128x128_train_aug_02.npz"}, "3": {"loss": 0.3143771290779114, "mse": 0.3143771290779114, "mae": 0.5265259146690369, "val_loss": 0.09119702130556107, "val_mse": 0.09119702130556107, "val_mae": 0.30198225378990173, "batchNo": 4, "batchFile": "128x128_train_aug_05.npz"}, "4": {"loss": 0.2405245453119278, "mse": 0.2405245453119278, "mae": 0.4498780071735382, "val_loss": 0.09271147102117538, "val_mse": 0.09271147102117538, "val_mae": 0.30448558926582336, "batchNo": 0, "batchFile": "128x128_train_aug_01.npz"}}